review_id,asin,rating,review_text,review_date,source
USER-REV-001,USER-ASIN-001,2,"Installation was a nightmare. The instructions made no sense and I had to drill extra holes to mount it.",2026-08-15,imported_csv
USER-REV-002,USER-ASIN-002,5,"Easy to install with clear instructions. Timer works great and my chickens are safe at night.",2026-08-20,imported_csv
USER-REV-003,USER-ASIN-004,3,"Complex wiring, took me 3 hours to install. Works ok now but setup was frustrating.",2026-09-01,imported_csv
USER-REV-004,USER-ASIN-001,3,"Door works but the motor failed after 6 months. Quality is questionable for the price.",2026-07-10,imported_csv
USER-REV-005,USER-ASIN-003,3,"Affordable but the door warped after 2 months of rain. Material quality is poor.",2026-08-05,imported_csv
USER-REV-006,USER-ASIN-004,4,"Heavy duty and predator proof. Works well so far, good quality build.",2026-09-10,imported_csv
USER-REV-007,USER-ASIN-002,2,"Packaging was damaged on arrival and missing screws. Had to buy my own hardware.",2026-07-25,imported_csv
USER-REV-008,USER-ASIN-003,1,"Flimsy packaging, arrived broken. The door panel was cracked in transit.",2026-08-12,imported_csv
USER-REV-009,USER-ASIN-001,4,"Decent door but I wish it had wifi control and app integration to check remotely.",2026-09-05,imported_csv
USER-REV-010,USER-ASIN-002,4,"Good value for the price. Would love to see app control and scheduling features in the next version.",2026-09-15,imported_csv
USER-REV-011,USER-ASIN-003,2,"Too expensive for the quality you get. Broke after just 2 months, not worth it.",2026-08-28,imported_csv
USER-REV-012,USER-ASIN-004,4,"Good product but shipping took 3 weeks. The door itself is solid and works as advertised.",2026-09-18,imported_csv
